Date,Country,Confirmed ,Death ,Recovered
2/14/2020,Nigeria,0,0,0
2/15/2020,Nigeria,0,0,0
2/16/2020,Nigeria,0,0,0
2/17/2020,Nigeria,0,0,0
2/18/2020,Nigeria,0,0,0
2/19/2020,Nigeria,0,0,0
2/20/2020,Nigeria,0,0,0
2/21/2020,Nigeria,0,0,0
2/22/2020,Nigeria,0,0,0
2/23/2020,Nigeria,0,0,0
2/24/2020,Nigeria,0,0,0
2/25/2020,Nigeria,0,0,0
2/26/2020,Nigeria,0,0,0
2/27/2020,Nigeria,0,0,0
2/28/2020,Nigeria,1,0,0
2/29/2020,Nigeria,1,0,0
3/1/2020,Nigeria,1,0,0
3/2/2020,Nigeria,1,0,0
3/3/2020,Nigeria,1,0,0
3/4/2020,Nigeria,1,0,0
3/5/2020,Nigeria,1,0,0
3/6/2020,Nigeria,1,0,0
3/7/2020,Nigeria,1,0,0
3/8/2020,Nigeria,1,0,0
3/9/2020,Nigeria,2,0,0
3/10/2020,Nigeria,2,0,0
3/11/2020,Nigeria,2,0,0
3/12/2020,Nigeria,2,0,0
3/13/2020,Nigeria,2,0,0
3/14/2020,Nigeria,2,0,0
3/15/2020,Nigeria,2,0,0
3/16/2020,Nigeria,2,0,0
3/17/2020,Nigeria,3,0,0
3/18/2020,Nigeria,8,0,1
3/19/2020,Nigeria,8,0,1
3/20/2020,Nigeria,12,0,1
3/21/2020,Nigeria,22,0,1
3/22/2020,Nigeria,30,0,2
3/23/2020,Nigeria,40,1,2
3/24/2020,Nigeria,44,1,2
3/25/2020,Nigeria,51,1,2
3/26/2020,Nigeria,65,1,2
3/27/2020,Nigeria,70,1,3
3/28/2020,Nigeria,89,1,3
3/29/2020,Nigeria,111,1,3
3/30/2020,Nigeria,131,2,8
3/31/2020,Nigeria,135,2,8
4/1/2020,Nigeria,174,2,9
4/2/2020,Nigeria,184,2,20
4/3/2020,Nigeria,210,4,25
4/4/2020,Nigeria,214,4,25
4/5/2020,Nigeria,232,5,33
4/6/2020,Nigeria,238,5,35
4/7/2020,Nigeria,254,6,44
4/8/2020,Nigeria,276,6,44
4/9/2020,Nigeria,288,7,51
4/10/2020,Nigeria,305,7,58
4/11/2020,Nigeria,318,10,70
4/12/2020,Nigeria,323,10,85
4/13/2020,Nigeria,343,10,91
4/14/2020,Nigeria,373,11,99
4/15/2020,Nigeria,407,12,128
4/16/2020,Nigeria,442,13,152
4/17/2020,Nigeria,493,17,159
4/18/2020,Nigeria,542,19,166
4/19/2020,Nigeria,627,21,170
4/20/2020,Nigeria,665,22,188
4/21/2020,Nigeria,665,22,188
4/22/2020,Nigeria,873,28,197
4/23/2020,Nigeria,981,31,197
4/24/2020,Nigeria,1095,32,208
4/25/2020,Nigeria,1182,35,222
4/26/2020,Nigeria,1273,40,239
4/27/2020,Nigeria,1337,40,255
4/28/2020,Nigeria,1532,44,255
4/29/2020,Nigeria,1728,51,307
4/30/2020,Nigeria,1932,58,319
5/1/2020,Nigeria,2170,68,351
5/2/2020,Nigeria,2388,85,351
5/3/2020,Nigeria,2558,87,400
5/4/2020,Nigeria,2802,93,417
5/5/2020,Nigeria,2950,98,481
5/6/2020,Nigeria,3145,103,534
5/7/2020,Nigeria,3526,107,601
5/8/2020,Nigeria,3912,117,679
5/9/2020,Nigeria,4151,128,745
5/10/2020,Nigeria,4399,143,778
5/11/2020,Nigeria,4641,150,902
5/12/2020,Nigeria,4787,158,959
5/13/2020,Nigeria,4971,164,1070
5/14/2020,Nigeria,5162,167,1180
5/15/2020,Nigeria,5450,171,1320
5/16/2020,Nigeria,5621,176,1472
5/17/2020,Nigeria,5959,182,1594
5/18/2020,Nigeria,6175,191,1644
5/19/2020,Nigeria,6401,192,1734
5/20/2020,Nigeria,6677,200,1840
5/21/2020,Nigeria,7016,211,1907
5/22/2020,Nigeria,7261,221,2007
5/23/2020,Nigeria,7526,221,2174
5/24/2020,Nigeria,7839,226,2263
5/25/2020,Nigeria,8068,233,2311
5/26/2020,Nigeria,8344,249,2385
5/27/2020,Nigeria,8733,254,2501
5/28/2020,Nigeria,8915,259,2592
5/29/2020,Nigeria,9302,261,2697
5/30/2020,Nigeria,9855,273,2856
5/31/2020,Nigeria,10162,287,3007
6/1/2020,Nigeria,10578,299,3122
6/2/2020,Nigeria,10819,314,3240
6/3/2020,Nigeria,11166,315,3329
6/4/2020,Nigeria,11516,323,3535
6/5/2020,Nigeria,11844,333,3696
6/6/2020,Nigeria,12233,342,3826
6/7/2020,Nigeria,12486,354,3959
6/8/2020,Nigeria,12801,361,4040
6/9/2020,Nigeria,13464,365,4206
6/10/2020,Nigeria,13873,382,4351
6/11/2020,Nigeria,14554,387,4494
6/12/2020,Nigeria,15181,399,4891
6/13/2020,Nigeria,15682,407,5101
6/14/2020,Nigeria,16085,420,5220
6/15/2020,Nigeria,16658,424,5349
6/16/2020,Nigeria,17148,455,5623
6/17/2020,Nigeria,17735,469,5967
6/18/2020,Nigeria,18480,475,6307
6/19/2020,Nigeria,19147,487,6581
6/20/2020,Nigeria,19808,506,6718
6/21/2020,Nigeria,20244,518,6879
6/22/2020,Nigeria,20919,525,7109
6/23/2020,Nigeria,21371,533,7338
6/24/2020,Nigeria,22020,542,7613
6/25/2020,Nigeria,22614,549,7822
6/26/2020,Nigeria,23298,554,8253
6/27/2020,Nigeria,24077,558,8625
6/28/2020,Nigeria,24567,565,9007
6/29/2020,Nigeria,25133,573,9402
6/30/2020,Nigeria,25694,590,9746
7/1/2020,Nigeria,26484,603,10152
7/2/2020,Nigeria,27110,616,10801
7/3/2020,Nigeria,27564,628,11069
7/4/2020,Nigeria,28167,634,11462
7/5/2020,Nigeria,28711,645,11665
7/6/2020,Nigeria,29286,654,11828
7/7/2020,Nigeria,29789,669,12108
7/8/2020,Nigeria,30249,684,12373
7/9/2020,Nigeria,30748,689,12546
7/10/2020,Nigeria,31323,709,12795
7/11/2020,Nigeria,31987,724,13103
7/12/2020,Nigeria,32558,740,13447
7/13/2020,Nigeria,33153,744,13671
7/14/2020,Nigeria,33616,754,13792
7/15/2020,Nigeria,34259,760,13999
7/16/2020,Nigeria,34854,769,14292
7/17/2020,Nigeria,35454,772,14633
7/18/2020,Nigeria,36107,778,14938
7/19/2020,Nigeria,36663,789,15105
7/20/2020,Nigeria,37225,801,15333
7/21/2020,Nigeria,37801,805,15677
7/22/2020,Nigeria,38344,813,15815
7/23/2020,Nigeria,38948,833,16061
7/24/2020,Nigeria,39539,845,16559
7/25/2020,Nigeria,39977,856,16948
7/26/2020,Nigeria,40532,858,17374
7/27/2020,Nigeria,41180,860,18203
7/28/2020,Nigeria,41804,868,18764
7/29/2020,Nigeria,42208,873,19004
7/30/2020,Nigeria,42689,878,19270
7/31/2020,Nigeria,43151,879,19565
8/1/2020,Nigeria,43537,883,20087
8/2/2020,Nigeria,43841,888,20308
8/3/2020,Nigeria,44129,896,20663
8/4/2020,Nigeria,44433,910,31851
8/5/2020,Nigeria,44890,927,32165
8/6/2020,Nigeria,45244,930,32430
8/7/2020,Nigeria,45687,936,32637
8/8/2020,Nigeria,46140,942,33044
8/9/2020,Nigeria,46577,945,33186
8/10/2020,Nigeria,46867,950,33346
8/11/2020,Nigeria,47290,956,33609
8/12/2020,Nigeria,47743,956,33943
8/13/2020,Nigeria,48116,966,34309
8/14/2020,Nigeria,48445,973,35998
8/15/2020,Nigeria,48770,974,36290
8/16/2020,Nigeria,49068,975,36497
8/17/2020,Nigeria,49485,977,36834
8/18/2020,Nigeria,49895,981,37051
8/19/2020,Nigeria,50488,985,37304
8/20/2020,Nigeria,50964,992,37569
8/21/2020,Nigeria,51304,996,37885
8/22/2020,Nigeria,51905,997,38767
8/23/2020,Nigeria,52227,1002,38945
8/24/2020,Nigeria,52548,1004,39257
8/25/2020,Nigeria,52800,1007,39964
8/26/2020,Nigeria,53021,1010,40281
8/27/2020,Nigeria,53317,1011,40726
8/28/2020,Nigeria,53477,1011,41017
8/29/2020,Nigeria,53727,1011,41314
8/30/2020,Nigeria,53865,1013,41513
8/31/2020,Nigeria,54008,1013,41638
2/14/2020,Egypt,1,0,0
2/15/2020,Egypt,1,0,0
2/16/2020,Egypt,1,0,0
2/17/2020,Egypt,1,0,0
2/18/2020,Egypt,1,0,0
2/19/2020,Egypt,1,0,0
2/20/2020,Egypt,1,0,0
2/21/2020,Egypt,1,0,0
2/22/2020,Egypt,1,0,0
2/23/2020,Egypt,1,0,0
2/24/2020,Egypt,1,0,0
2/25/2020,Egypt,1,0,0
2/26/2020,Egypt,1,0,0
2/27/2020,Egypt,1,0,0
2/28/2020,Egypt,1,0,1
2/29/2020,Egypt,1,0,1
3/1/2020,Egypt,2,0,1
3/2/2020,Egypt,2,0,1
3/3/2020,Egypt,2,0,1
3/4/2020,Egypt,2,0,1
3/5/2020,Egypt,3,0,1
3/6/2020,Egypt,15,0,1
3/7/2020,Egypt,15,0,1
3/8/2020,Egypt,49,1,1
3/9/2020,Egypt,55,1,1
3/10/2020,Egypt,59,1,1
3/11/2020,Egypt,60,1,27
3/12/2020,Egypt,67,1,27
3/13/2020,Egypt,80,2,27
3/14/2020,Egypt,109,2,27
3/15/2020,Egypt,110,2,21
3/16/2020,Egypt,150,2,27
3/17/2020,Egypt,196,4,32
3/18/2020,Egypt,196,6,32
3/19/2020,Egypt,256,6,32
3/20/2020,Egypt,285,8,39
3/21/2020,Egypt,294,10,41
3/22/2020,Egypt,327,14,56
3/23/2020,Egypt,366,19,56
3/24/2020,Egypt,402,20,80
3/25/2020,Egypt,456,21,95
3/26/2020,Egypt,495,24,102
3/27/2020,Egypt,536,30,116
3/28/2020,Egypt,576,36,121
3/29/2020,Egypt,609,40,132
3/30/2020,Egypt,656,41,150
3/31/2020,Egypt,710,46,157
4/1/2020,Egypt,779,52,179
4/2/2020,Egypt,865,58,201
4/3/2020,Egypt,985,66,216
4/4/2020,Egypt,1070,71,241
4/5/2020,Egypt,1173,78,247
4/6/2020,Egypt,1322,85,259
4/7/2020,Egypt,1450,94,276
4/8/2020,Egypt,1560,103,305
4/9/2020,Egypt,1699,118,348
4/10/2020,Egypt,1794,135,384
4/11/2020,Egypt,1939,146,426
4/12/2020,Egypt,2065,159,589
4/13/2020,Egypt,2190,164,589
4/14/2020,Egypt,2350,178,589
4/15/2020,Egypt,2505,183,589
4/16/2020,Egypt,2673,196,596
4/17/2020,Egypt,2844,205,646
4/18/2020,Egypt,3032,224,701
4/19/2020,Egypt,3144,239,732
4/20/2020,Egypt,3333,250,821
4/21/2020,Egypt,3490,264,870
4/22/2020,Egypt,3659,276,935
4/23/2020,Egypt,3891,287,1004
4/24/2020,Egypt,4092,294,1075
4/25/2020,Egypt,4319,307,1114
4/26/2020,Egypt,4534,317,1176
4/27/2020,Egypt,4782,337,1236
4/28/2020,Egypt,5042,359,1304
4/29/2020,Egypt,5268,380,1335
4/30/2020,Egypt,5537,392,1381
5/1/2020,Egypt,5895,406,1460
5/2/2020,Egypt,6193,415,1522
5/3/2020,Egypt,6465,429,1562
5/4/2020,Egypt,6813,436,1632
5/5/2020,Egypt,7201,452,1730
5/6/2020,Egypt,7588,469,1815
5/7/2020,Egypt,7981,482,1887
5/8/2020,Egypt,8476,503,1945
5/9/2020,Egypt,8964,514,2002
5/10/2020,Egypt,9400,525,2075
5/11/2020,Egypt,9746,533,2172
5/12/2020,Egypt,10093,544,2326
5/13/2020,Egypt,10431,556,2486
5/14/2020,Egypt,10829,571,2626
5/15/2020,Egypt,11228,592,2799
5/16/2020,Egypt,11719,612,2950
5/17/2020,Egypt,12229,630,3172
5/18/2020,Egypt,12764,645,3440
5/19/2020,Egypt,13484,659,3742
5/20/2020,Egypt,14229,680,3994
5/21/2020,Egypt,15003,696,4217
5/22/2020,Egypt,15786,707,4374
5/23/2020,Egypt,16513,735,4628
5/24/2020,Egypt,17265,764,4807
5/25/2020,Egypt,17967,783,4900
5/26/2020,Egypt,18756,797,5027
5/27/2020,Egypt,19666,816,5205
5/28/2020,Egypt,20793,845,5359
5/29/2020,Egypt,22082,879,5511
5/30/2020,Egypt,23449,913,5693
5/31/2020,Egypt,24985,959,6037
6/1/2020,Egypt,26384,1005,6447
6/2/2020,Egypt,27536,1052,6827
6/3/2020,Egypt,28615,1088,7350
6/4/2020,Egypt,29767,1126,7756
6/5/2020,Egypt,31115,1166,8158
6/6/2020,Egypt,32612,1198,8538
6/7/2020,Egypt,34079,1237,8961
6/8/2020,Egypt,35444,1271,9375
6/9/2020,Egypt,36829,1306,9786
6/10/2020,Egypt,38284,1342,10289
6/11/2020,Egypt,39726,1377,10691
6/12/2020,Egypt,41303,1422,11108
6/13/2020,Egypt,42980,1484,11529
6/14/2020,Egypt,44598,1575,11931
6/15/2020,Egypt,46289,1672,12329
6/16/2020,Egypt,47856,1766,12730
6/17/2020,Egypt,49219,1850,13141
6/18/2020,Egypt,50437,1938,13528
6/19/2020,Egypt,52211,2017,13928
6/20/2020,Egypt,53758,2106,14327
6/21/2020,Egypt,55233,2193,14736
6/22/2020,Egypt,56809,2278,15133
6/23/2020,Egypt,58141,2365,15535
6/24/2020,Egypt,59561,2450,15935
6/25/2020,Egypt,61130,2533,16338
6/26/2020,Egypt,62755,2620,16737
6/27/2020,Egypt,63923,2708,17140
6/28/2020,Egypt,65188,2789,17539
6/29/2020,Egypt,66754,2872,17951
6/30/2020,Egypt,68311,2953,18460
7/1/2020,Egypt,69814,3034,18881
7/2/2020,Egypt,71299,3120,19288
7/3/2020,Egypt,72711,3201,19690
7/4/2020,Egypt,74035,3280,20103
7/5/2020,Egypt,75253,3343,20726
7/6/2020,Egypt,76222,3422,21238
7/7/2020,Egypt,77279,3489,21718
7/8/2020,Egypt,78304,3564,22241
7/9/2020,Egypt,79254,3617,22753
7/10/2020,Egypt,80235,3702,23274
7/11/2020,Egypt,81158,3769,23876
7/12/2020,Egypt,82070,3858,24419
7/13/2020,Egypt,83001,3935,24975
7/14/2020,Egypt,83930,4008,25544
7/15/2020,Egypt,84843,4067,26135
7/16/2020,Egypt,85771,4120,26691
7/17/2020,Egypt,86474,4188,27302
7/18/2020,Egypt,87172,4251,27868
7/19/2020,Egypt,87775,4302,28380
7/20/2020,Egypt,88402,4352,28924
7/21/2020,Egypt,89078,4399,29473
7/22/2020,Egypt,89745,4440,30075
7/23/2020,Egypt,90413,4480,31066
7/24/2020,Egypt,91072,4518,31970
7/25/2020,Egypt,91583,4558,32903
7/26/2020,Egypt,92062,4606,33831
7/27/2020,Egypt,92482,4652,34838
7/28/2020,Egypt,92947,4691,35959
7/29/2020,Egypt,93356,4728,37025
7/30/2020,Egypt,93757,4774,38236
7/31/2020,Egypt,94078,4805,39638
8/1/2020,Egypt,94316,4834,41137
8/2/2020,Egypt,94483,4865,42455
8/3/2020,Egypt,94640,4888,44066
8/4/2020,Egypt,94752,4912,45569
8/5/2020,Egypt,94875,4930,47182
8/6/2020,Egypt,95006,4951,48898
8/7/2020,Egypt,95147,4971,50553
8/8/2020,Egypt,95314,4992,51672
8/9/2020,Egypt,95492,5009,52678
8/10/2020,Egypt,95666,5035,53779
8/11/2020,Egypt,95834,5059,54888
8/12/2020,Egypt,95963,5085,55901
8/13/2020,Egypt,96108,5107,56890
8/14/2020,Egypt,96220,5124,57858
8/15/2020,Egypt,96336,5141,58835
8/16/2020,Egypt,96475,5160,59743
8/17/2020,Egypt,96590,5173,60651
8/18/2020,Egypt,96753,5184,61562
8/19/2020,Egypt,96914,5197,62553
8/20/2020,Egypt,97025,5212,63462
8/21/2020,Egypt,97148,5231,64318
8/22/2020,Egypt,97237,5243,65118
8/23/2020,Egypt,97340,5262,65927
8/24/2020,Egypt,97478,5280,66817
8/25/2020,Egypt,97619,5298,67717
8/26/2020,Egypt,97825,5317,68713
8/27/2020,Egypt,98062,5342,69612
8/28/2020,Egypt,98285,5362,70419
8/29/2020,Egypt,98497,5376,71302
8/30/2020,Egypt,98727,5399,72120
8/31/2020,Egypt,98939,5421,72929
2/14/2020,Gabon,0,0,0
2/15/2020,Gabon,0,0,0
2/16/2020,Gabon,0,0,0
2/17/2020,Gabon,0,0,0
2/18/2020,Gabon,0,0,0
2/19/2020,Gabon,0,0,0
2/20/2020,Gabon,0,0,0
2/21/2020,Gabon,0,0,0
2/22/2020,Gabon,0,0,0
2/23/2020,Gabon,0,0,0
2/24/2020,Gabon,0,0,0
2/25/2020,Gabon,0,0,0
2/26/2020,Gabon,0,0,0
2/27/2020,Gabon,0,0,0
2/28/2020,Gabon,0,0,0
2/29/2020,Gabon,0,0,0
3/1/2020,Gabon,0,0,0
3/2/2020,Gabon,0,0,0
3/3/2020,Gabon,0,0,0
3/4/2020,Gabon,0,0,0
3/5/2020,Gabon,0,0,0
3/6/2020,Gabon,0,0,0
3/7/2020,Gabon,0,0,0
3/8/2020,Gabon,0,0,0
3/9/2020,Gabon,0,0,0
3/10/2020,Gabon,0,0,0
3/11/2020,Gabon,0,0,0
3/12/2020,Gabon,0,0,0
3/13/2020,Gabon,0,0,0
3/14/2020,Gabon,1,0,0
3/15/2020,Gabon,1,0,0
3/16/2020,Gabon,1,0,0
3/17/2020,Gabon,1,0,0
3/18/2020,Gabon,1,0,0
3/19/2020,Gabon,1,0,0
3/20/2020,Gabon,3,1,0
3/21/2020,Gabon,4,1,0
3/22/2020,Gabon,5,1,0
3/23/2020,Gabon,5,1,0
3/24/2020,Gabon,6,1,0
3/25/2020,Gabon,6,1,0
3/26/2020,Gabon,7,1,0
3/27/2020,Gabon,7,1,0
3/28/2020,Gabon,7,1,0
3/29/2020,Gabon,7,1,0
3/30/2020,Gabon,7,1,0
3/31/2020,Gabon,16,1,0
4/1/2020,Gabon,18,1,0
4/2/2020,Gabon,21,1,0
4/3/2020,Gabon,21,1,1
4/4/2020,Gabon,21,1,1
4/5/2020,Gabon,21,1,1
4/6/2020,Gabon,24,1,1
4/7/2020,Gabon,30,1,1
4/8/2020,Gabon,34,1,1
4/9/2020,Gabon,44,1,1
4/10/2020,Gabon,44,1,1
4/11/2020,Gabon,46,1,1
4/12/2020,Gabon,49,1,1
4/13/2020,Gabon,57,1,1
4/14/2020,Gabon,57,1,1
4/15/2020,Gabon,80,1,4
4/16/2020,Gabon,80,1,4
4/17/2020,Gabon,108,1,7
4/18/2020,Gabon,108,1,7
4/19/2020,Gabon,109,1,7
4/20/2020,Gabon,120,1,7
4/21/2020,Gabon,156,1,16
4/22/2020,Gabon,166,1,24
4/23/2020,Gabon,167,2,24
4/24/2020,Gabon,172,3,26
4/25/2020,Gabon,176,3,30
4/26/2020,Gabon,176,3,30
4/27/2020,Gabon,211,3,43
4/28/2020,Gabon,238,3,53
4/29/2020,Gabon,276,3,67
4/30/2020,Gabon,276,3,67
5/1/2020,Gabon,276,3,67
5/2/2020,Gabon,335,5,85
5/3/2020,Gabon,335,5,85
5/4/2020,Gabon,367,6,93
5/5/2020,Gabon,397,6,93
5/6/2020,Gabon,397,6,93
5/7/2020,Gabon,504,8,110
5/8/2020,Gabon,620,8,110
5/9/2020,Gabon,661,8,110
5/10/2020,Gabon,661,8,110
5/11/2020,Gabon,802,9,127
5/12/2020,Gabon,863,9,137
5/13/2020,Gabon,1004,9,152
5/14/2020,Gabon,1104,10,182
5/15/2020,Gabon,1209,10,219
5/16/2020,Gabon,1320,11,244
5/17/2020,Gabon,1320,11,244
5/18/2020,Gabon,1432,11,301
5/19/2020,Gabon,1502,12,318
5/20/2020,Gabon,1567,12,365
5/21/2020,Gabon,1567,12,365
5/22/2020,Gabon,1728,12,402
5/23/2020,Gabon,1934,12,459
5/24/2020,Gabon,1934,12,459
5/25/2020,Gabon,2135,14,562
5/26/2020,Gabon,2238,14,593
5/27/2020,Gabon,2319,14,631
5/28/2020,Gabon,2431,14,668
5/29/2020,Gabon,2613,15,709
5/30/2020,Gabon,2655,17,722
5/31/2020,Gabon,2655,17,722
6/1/2020,Gabon,2655,17,722
6/2/2020,Gabon,2803,20,779
6/3/2020,Gabon,2902,20,801
6/4/2020,Gabon,2955,21,818
6/5/2020,Gabon,3101,21,833
6/6/2020,Gabon,3101,21,833
6/7/2020,Gabon,3101,21,833
6/8/2020,Gabon,3101,21,833
6/9/2020,Gabon,3247,21,938
6/10/2020,Gabon,3375,22,978
6/11/2020,Gabon,3463,23,1024
6/12/2020,Gabon,3463,23,1024
6/13/2020,Gabon,3463,23,1024
6/14/2020,Gabon,3463,23,1024
6/15/2020,Gabon,4033,27,1334
6/16/2020,Gabon,4114,29,1432
6/17/2020,Gabon,4229,30,1505
6/18/2020,Gabon,4340,32,1657
6/19/2020,Gabon,4428,34,1750
6/20/2020,Gabon,4428,34,1750
6/21/2020,Gabon,4428,34,1750
6/22/2020,Gabon,4739,39,2002
6/23/2020,Gabon,4849,39,2107
6/24/2020,Gabon,4956,39,2177
6/25/2020,Gabon,5087,40,2270
6/26/2020,Gabon,5209,40,2327
6/27/2020,Gabon,5209,40,2327
6/28/2020,Gabon,5209,40,2327
6/29/2020,Gabon,5394,42,2420
6/30/2020,Gabon,5394,42,2420
7/1/2020,Gabon,5513,42,2508
7/2/2020,Gabon,5513,42,2508
7/3/2020,Gabon,5620,44,2555
7/4/2020,Gabon,5620,44,2555
7/5/2020,Gabon,5620,44,2555
7/6/2020,Gabon,5743,46,2574
7/7/2020,Gabon,5743,46,2574
7/8/2020,Gabon,5871,46,2682
7/9/2020,Gabon,5871,46,2682
7/10/2020,Gabon,5942,46,3004
7/11/2020,Gabon,5942,46,3004
7/12/2020,Gabon,5942,46,3004
7/13/2020,Gabon,6026,46,3475
7/14/2020,Gabon,6026,46,3475
7/15/2020,Gabon,6121,46,3664
7/16/2020,Gabon,6121,46,3664
7/17/2020,Gabon,6315,46,3865
7/18/2020,Gabon,6315,46,3865
7/19/2020,Gabon,6315,46,3865
7/20/2020,Gabon,6433,46,4034
7/21/2020,Gabon,6433,46,4034
7/22/2020,Gabon,6588,47,4235
7/23/2020,Gabon,6588,47,4235
7/24/2020,Gabon,6984,49,4463
7/25/2020,Gabon,6984,49,4463
7/26/2020,Gabon,6984,49,4463
7/27/2020,Gabon,7189,49,4682
7/28/2020,Gabon,7189,49,4682
7/29/2020,Gabon,7352,49,4943
7/30/2020,Gabon,7352,49,4943
7/31/2020,Gabon,7352,49,4943
8/1/2020,Gabon,7531,50,5223
8/2/2020,Gabon,7531,50,5223
8/3/2020,Gabon,7646,51,5408
8/4/2020,Gabon,7646,51,5408
8/5/2020,Gabon,7787,51,5609
8/6/2020,Gabon,7787,51,5609
8/7/2020,Gabon,7923,51,5704
8/8/2020,Gabon,7923,51,5704
8/9/2020,Gabon,7923,51,5704
8/10/2020,Gabon,8006,51,5823
8/11/2020,Gabon,8006,51,5823
8/12/2020,Gabon,8077,51,5920
8/13/2020,Gabon,8077,51,5920
8/14/2020,Gabon,8225,51,6277
8/15/2020,Gabon,8225,51,6277
8/16/2020,Gabon,8225,51,6277
8/17/2020,Gabon,8270,53,6404
8/18/2020,Gabon,8270,53,6404
8/19/2020,Gabon,8319,53,6614
8/20/2020,Gabon,8319,53,6614
8/21/2020,Gabon,8388,53,6734
8/22/2020,Gabon,8388,53,6734
8/23/2020,Gabon,8388,53,6734
8/24/2020,Gabon,8409,53,6959
8/25/2020,Gabon,8409,53,6959
8/26/2020,Gabon,8468,53,7066
8/27/2020,Gabon,8468,53,7066
8/28/2020,Gabon,8505,53,7187
8/29/2020,Gabon,8505,53,7187
8/30/2020,Gabon,8505,53,7187
8/31/2020,Gabon,8533,53,7264
2/14/2020,South_Africa,0,0,0
2/15/2020,South_Africa,0,0,0
2/16/2020,South_Africa,0,0,0
2/17/2020,South_Africa,0,0,0
2/18/2020,South_Africa,0,0,0
2/19/2020,South_Africa,0,0,0
2/20/2020,South_Africa,0,0,0
2/21/2020,South_Africa,0,0,0
2/22/2020,South_Africa,0,0,0
2/23/2020,South_Africa,0,0,0
2/24/2020,South_Africa,0,0,0
2/25/2020,South_Africa,0,0,0
2/26/2020,South_Africa,0,0,0
2/27/2020,South_Africa,0,0,0
2/28/2020,South_Africa,0,0,0
2/29/2020,South_Africa,0,0,0
3/1/2020,South_Africa,0,0,0
3/2/2020,South_Africa,0,0,0
3/3/2020,South_Africa,0,0,0
3/4/2020,South_Africa,0,0,0
3/5/2020,South_Africa,1,0,0
3/6/2020,South_Africa,1,0,0
3/7/2020,South_Africa,1,0,0
3/8/2020,South_Africa,3,0,0
3/9/2020,South_Africa,3,0,0
3/10/2020,South_Africa,7,0,0
3/11/2020,South_Africa,13,0,0
3/12/2020,South_Africa,17,0,0
3/13/2020,South_Africa,24,0,0
3/14/2020,South_Africa,38,0,0
3/15/2020,South_Africa,51,0,0
3/16/2020,South_Africa,62,0,0
3/17/2020,South_Africa,62,0,0
3/18/2020,South_Africa,116,0,0
3/19/2020,South_Africa,150,0,0
3/20/2020,South_Africa,202,0,0
3/21/2020,South_Africa,240,0,0
3/22/2020,South_Africa,274,0,0
3/23/2020,South_Africa,402,0,0
3/24/2020,South_Africa,554,0,4
3/25/2020,South_Africa,709,0,12
3/26/2020,South_Africa,927,0,12
3/27/2020,South_Africa,1170,1,31
3/28/2020,South_Africa,1187,1,31
3/29/2020,South_Africa,1280,2,31
3/30/2020,South_Africa,1326,3,31
3/31/2020,South_Africa,1353,5,31
4/1/2020,South_Africa,1380,5,50
4/2/2020,South_Africa,1462,5,50
4/3/2020,South_Africa,1505,9,95
4/4/2020,South_Africa,1585,9,95
4/5/2020,South_Africa,1655,11,95
4/6/2020,South_Africa,1686,12,95
4/7/2020,South_Africa,1749,13,95
4/8/2020,South_Africa,1845,18,95
4/9/2020,South_Africa,1934,18,95
4/10/2020,South_Africa,2003,24,410
4/11/2020,South_Africa,2028,25,410
4/12/2020,South_Africa,2173,25,410
4/13/2020,South_Africa,2272,27,410
4/14/2020,South_Africa,2415,27,410
4/15/2020,South_Africa,2506,34,410
4/16/2020,South_Africa,2605,48,903
4/17/2020,South_Africa,2783,50,903
4/18/2020,South_Africa,3034,52,903
4/19/2020,South_Africa,3158,54,903
4/20/2020,South_Africa,3300,58,1055
4/21/2020,South_Africa,3465,58,1055
4/22/2020,South_Africa,3635,65,1055
4/23/2020,South_Africa,3953,75,1473
4/24/2020,South_Africa,4220,79,1473
4/25/2020,South_Africa,4361,86,1473
4/26/2020,South_Africa,4546,87,1473
4/27/2020,South_Africa,4793,90,1473
4/28/2020,South_Africa,4996,93,2073
4/29/2020,South_Africa,5350,103,2073
4/30/2020,South_Africa,5647,103,2073
5/1/2020,South_Africa,5951,116,2382
5/2/2020,South_Africa,6336,123,2549
5/3/2020,South_Africa,6783,131,2549
5/4/2020,South_Africa,7220,138,2746
5/5/2020,South_Africa,7572,148,2746
5/6/2020,South_Africa,7808,153,3153
5/7/2020,South_Africa,8232,161,3153
5/8/2020,South_Africa,8895,178,3153
5/9/2020,South_Africa,9420,186,3983
5/10/2020,South_Africa,10015,194,4173
5/11/2020,South_Africa,10652,206,4357
5/12/2020,South_Africa,11350,206,4357
5/13/2020,South_Africa,12074,219,4745
5/14/2020,South_Africa,12739,238,5676
5/15/2020,South_Africa,13524,247,6083
5/16/2020,South_Africa,14355,261,6478
5/17/2020,South_Africa,15515,264,7006
5/18/2020,South_Africa,16433,286,7298
5/19/2020,South_Africa,17200,312,7960
5/20/2020,South_Africa,18003,339,8950
5/21/2020,South_Africa,19137,369,8950
5/22/2020,South_Africa,20125,397,10104
5/23/2020,South_Africa,21343,407,10104
5/24/2020,South_Africa,22583,429,11100
5/25/2020,South_Africa,23615,481,11917
5/26/2020,South_Africa,24264,524,12741
5/27/2020,South_Africa,25937,552,13451
5/28/2020,South_Africa,27403,577,14370
5/29/2020,South_Africa,29240,611,15093
5/30/2020,South_Africa,30967,643,16116
5/31/2020,South_Africa,32683,683,16809
6/1/2020,South_Africa,34357,705,17291
6/2/2020,South_Africa,35812,755,18313
6/3/2020,South_Africa,37525,792,19682
6/4/2020,South_Africa,40792,848,21311
6/5/2020,South_Africa,43434,908,23088
6/6/2020,South_Africa,45973,952,24258
6/7/2020,South_Africa,48285,998,24364
6/8/2020,South_Africa,50879,1080,26099
6/9/2020,South_Africa,52991,1162,29006
6/10/2020,South_Africa,55421,1210,31505
6/11/2020,South_Africa,58568,1284,33252
6/12/2020,South_Africa,61927,1354,35006
6/13/2020,South_Africa,65736,1423,36850
6/14/2020,South_Africa,70038,1480,38531
6/15/2020,South_Africa,73533,1568,39867
6/16/2020,South_Africa,76334,1625,42063
6/17/2020,South_Africa,80412,1674,44331
6/18/2020,South_Africa,83890,1737,44920
6/19/2020,South_Africa,87715,1831,47825
6/20/2020,South_Africa,92681,1877,50326
6/21/2020,South_Africa,97302,1930,51608
6/22/2020,South_Africa,101590,1991,53444
6/23/2020,South_Africa,106108,2102,55045
6/24/2020,South_Africa,111796,2205,56874
6/25/2020,South_Africa,118375,2292,59974
6/26/2020,South_Africa,124590,2340,64111
6/27/2020,South_Africa,131800,2413,67094
6/28/2020,South_Africa,138134,2456,68925
6/29/2020,South_Africa,144264,2529,70614
6/30/2020,South_Africa,151209,2657,73543
7/1/2020,South_Africa,159333,2749,76025
7/2/2020,South_Africa,168061,2844,81999
7/3/2020,South_Africa,177124,2952,86298
7/4/2020,South_Africa,187977,3026,91227
7/5/2020,South_Africa,196750,3199,93315
7/6/2020,South_Africa,205721,3310,97848
7/7/2020,South_Africa,215855,3502,102299
7/8/2020,South_Africa,224665,3602,106842
7/9/2020,South_Africa,238339,3720,113061
7/10/2020,South_Africa,250687,3860,118232
7/11/2020,South_Africa,264184,3971,127715
7/12/2020,South_Africa,276242,4079,134874
7/13/2020,South_Africa,287796,4172,138241
7/14/2020,South_Africa,298292,4346,146279
7/15/2020,South_Africa,311049,4453,160693
7/16/2020,South_Africa,324221,4669,165591
7/17/2020,South_Africa,337594,4804,178183
7/18/2020,South_Africa,350879,4948,182230
7/19/2020,South_Africa,364328,5033,191059
7/20/2020,South_Africa,373628,5173,194865
7/21/2020,South_Africa,381798,5368,208144
7/22/2020,South_Africa,394948,5940,229175
7/23/2020,South_Africa,408052,6093,236260
7/24/2020,South_Africa,421996,6343,245771
7/25/2020,South_Africa,434200,6655,263054
7/26/2020,South_Africa,445433,6769,265077
7/27/2020,South_Africa,452529,7067,274925
7/28/2020,South_Africa,459761,7257,287313
7/29/2020,South_Africa,471123,7497,297967
7/30/2020,South_Africa,482169,7812,309601
7/31/2020,South_Africa,493183,8005,326171
8/1/2020,South_Africa,503290,8153,342461
8/2/2020,South_Africa,511485,8366,347227
8/3/2020,South_Africa,516862,8539,358037
8/4/2020,South_Africa,521318,8884,363751
8/5/2020,South_Africa,529877,9298,377266
8/6/2020,South_Africa,538184,9604,387316
8/7/2020,South_Africa,545476,9909,394759
8/8/2020,South_Africa,553188,10210,404568
8/9/2020,South_Africa,559859,10408,411474
8/10/2020,South_Africa,563598,10621,417200
8/11/2020,South_Africa,566109,10751,426125
8/12/2020,South_Africa,568919,11010,432029
8/13/2020,South_Africa,572865,11270,437617
8/14/2020,South_Africa,579140,11556,461734
8/15/2020,South_Africa,583653,11677,466941
8/16/2020,South_Africa,587345,11839,472377
8/17/2020,South_Africa,589886,11982,477671
8/18/2020,South_Africa,592144,12264,485468
8/19/2020,South_Africa,596060,12423,491441
8/20/2020,South_Africa,599940,12618,497169
8/21/2020,South_Africa,603338,12843,500102
8/22/2020,South_Africa,607045,12987,504127
8/23/2020,South_Africa,609773,13059,506470
8/24/2020,South_Africa,611450,13159,516494
8/25/2020,South_Africa,613017,13308,520381
8/26/2020,South_Africa,615701,13502,525242
8/27/2020,South_Africa,618286,13628,531338
8/28/2020,South_Africa,620132,13743,533935
8/29/2020,South_Africa,622551,13981,536694
8/30/2020,South_Africa,625056,14028,538604
8/31/2020,South_Africa,627041,14149,540923
2/14/2020,Tanzania,0,0,0
2/15/2020,Tanzania,0,0,0
2/16/2020,Tanzania,0,0,0
2/17/2020,Tanzania,0,0,0
2/18/2020,Tanzania,0,0,0
2/19/2020,Tanzania,0,0,0
2/20/2020,Tanzania,0,0,0
2/21/2020,Tanzania,0,0,0
2/22/2020,Tanzania,0,0,0
2/23/2020,Tanzania,0,0,0
2/24/2020,Tanzania,0,0,0
2/25/2020,Tanzania,0,0,0
2/26/2020,Tanzania,0,0,0
2/27/2020,Tanzania,0,0,0
2/28/2020,Tanzania,0,0,0
2/29/2020,Tanzania,0,0,0
3/1/2020,Tanzania,0,0,0
3/2/2020,Tanzania,0,0,0
3/3/2020,Tanzania,0,0,0
3/4/2020,Tanzania,0,0,0
3/5/2020,Tanzania,0,0,0
3/6/2020,Tanzania,0,0,0
3/7/2020,Tanzania,0,0,0
3/8/2020,Tanzania,0,0,0
3/9/2020,Tanzania,0,0,0
3/10/2020,Tanzania,0,0,0
3/11/2020,Tanzania,0,0,0
3/12/2020,Tanzania,0,0,0
3/13/2020,Tanzania,0,0,0
3/14/2020,Tanzania,0,0,0
3/15/2020,Tanzania,0,0,0
3/16/2020,Tanzania,1,0,0
3/17/2020,Tanzania,1,0,0
3/18/2020,Tanzania,3,0,0
3/19/2020,Tanzania,6,0,0
3/20/2020,Tanzania,6,0,0
3/21/2020,Tanzania,6,0,0
3/22/2020,Tanzania,12,0,0
3/23/2020,Tanzania,12,0,0
3/24/2020,Tanzania,12,0,0
3/25/2020,Tanzania,12,0,0
3/26/2020,Tanzania,13,0,0
3/27/2020,Tanzania,13,0,1
3/28/2020,Tanzania,14,0,1
3/29/2020,Tanzania,14,0,1
3/30/2020,Tanzania,19,0,1
3/31/2020,Tanzania,19,1,1
4/1/2020,Tanzania,20,1,1
4/2/2020,Tanzania,20,1,2
4/3/2020,Tanzania,20,1,3
4/4/2020,Tanzania,20,1,3
4/5/2020,Tanzania,22,1,3
4/6/2020,Tanzania,24,1,3
4/7/2020,Tanzania,24,1,5
4/8/2020,Tanzania,25,1,5
4/9/2020,Tanzania,25,1,5
4/10/2020,Tanzania,32,3,5
4/11/2020,Tanzania,32,3,5
4/12/2020,Tanzania,32,3,5
4/13/2020,Tanzania,49,3,7
4/14/2020,Tanzania,53,3,7
4/15/2020,Tanzania,88,4,11
4/16/2020,Tanzania,94,4,11
4/17/2020,Tanzania,147,5,11
4/18/2020,Tanzania,147,5,11
4/19/2020,Tanzania,170,7,11
4/20/2020,Tanzania,254,10,11
4/21/2020,Tanzania,254,10,11
4/22/2020,Tanzania,284,10,11
4/23/2020,Tanzania,284,10,11
4/24/2020,Tanzania,299,10,48
4/25/2020,Tanzania,299,10,48
4/26/2020,Tanzania,299,10,48
4/27/2020,Tanzania,299,10,48
4/28/2020,Tanzania,299,10,48
4/29/2020,Tanzania,480,16,167
4/30/2020,Tanzania,480,16,167
5/1/2020,Tanzania,480,16,167
5/2/2020,Tanzania,480,16,167
5/3/2020,Tanzania,480,16,167
5/4/2020,Tanzania,480,16,167
5/5/2020,Tanzania,480,16,167
5/6/2020,Tanzania,480,16,167
5/7/2020,Tanzania,480,16,167
5/8/2020,Tanzania,509,21,183
5/9/2020,Tanzania,509,21,183
5/10/2020,Tanzania,509,21,183
5/11/2020,Tanzania,509,21,183
5/12/2020,Tanzania,509,21,183
5/13/2020,Tanzania,509,21,183
5/14/2020,Tanzania,509,21,183
5/15/2020,Tanzania,509,21,183
5/16/2020,Tanzania,509,21,183
5/17/2020,Tanzania,509,21,183
5/18/2020,Tanzania,509,21,183
5/19/2020,Tanzania,509,21,183
5/20/2020,Tanzania,509,21,183
5/21/2020,Tanzania,509,21,183
5/22/2020,Tanzania,509,21,183
5/23/2020,Tanzania,509,21,183
5/24/2020,Tanzania,509,21,183
5/25/2020,Tanzania,509,21,183
5/26/2020,Tanzania,509,21,183
5/27/2020,Tanzania,509,21,183
5/28/2020,Tanzania,509,21,183
5/29/2020,Tanzania,509,21,183
5/30/2020,Tanzania,509,21,183
5/31/2020,Tanzania,509,21,183
6/1/2020,Tanzania,509,21,183
6/2/2020,Tanzania,509,21,183
6/3/2020,Tanzania,509,21,183
6/4/2020,Tanzania,509,21,183
6/5/2020,Tanzania,509,21,183
6/6/2020,Tanzania,509,21,183
6/7/2020,Tanzania,509,21,183
6/8/2020,Tanzania,509,21,183
6/9/2020,Tanzania,509,21,183
6/10/2020,Tanzania,509,21,183
6/11/2020,Tanzania,509,21,183
6/12/2020,Tanzania,509,21,183
6/13/2020,Tanzania,509,21,183
6/14/2020,Tanzania,509,21,183
6/15/2020,Tanzania,509,21,183
6/16/2020,Tanzania,509,21,183
6/17/2020,Tanzania,509,21,183
6/18/2020,Tanzania,509,21,183
6/19/2020,Tanzania,509,21,183
6/20/2020,Tanzania,509,21,183
6/21/2020,Tanzania,509,21,183
6/22/2020,Tanzania,509,21,183
6/23/2020,Tanzania,509,21,183
6/24/2020,Tanzania,509,21,183
6/25/2020,Tanzania,509,21,183
6/26/2020,Tanzania,509,21,183
6/27/2020,Tanzania,509,21,183
6/28/2020,Tanzania,509,21,183
6/29/2020,Tanzania,509,21,183
6/30/2020,Tanzania,509,21,183
7/1/2020,Tanzania,509,21,183
7/2/2020,Tanzania,509,21,183
7/3/2020,Tanzania,509,21,183
7/4/2020,Tanzania,509,21,183
7/5/2020,Tanzania,509,21,183
7/6/2020,Tanzania,509,21,183
7/7/2020,Tanzania,509,21,183
7/8/2020,Tanzania,509,21,183
7/9/2020,Tanzania,509,21,183
7/10/2020,Tanzania,509,21,183
7/11/2020,Tanzania,509,21,183
7/12/2020,Tanzania,509,21,183
7/13/2020,Tanzania,509,21,183
7/14/2020,Tanzania,509,21,183
7/15/2020,Tanzania,509,21,183
7/16/2020,Tanzania,509,21,183
7/17/2020,Tanzania,509,21,183
7/18/2020,Tanzania,509,21,183
7/19/2020,Tanzania,509,21,183
7/20/2020,Tanzania,509,21,183
7/21/2020,Tanzania,509,21,183
7/22/2020,Tanzania,509,21,183
7/23/2020,Tanzania,509,21,183
7/24/2020,Tanzania,509,21,183
7/25/2020,Tanzania,509,21,183
7/26/2020,Tanzania,509,21,183
7/27/2020,Tanzania,509,21,183
7/28/2020,Tanzania,509,21,183
7/29/2020,Tanzania,509,21,183
7/30/2020,Tanzania,509,21,183
7/31/2020,Tanzania,509,21,183
8/1/2020,Tanzania,509,21,183
8/2/2020,Tanzania,509,21,183
8/3/2020,Tanzania,509,21,183
8/4/2020,Tanzania,509,21,183
8/5/2020,Tanzania,509,21,183
8/6/2020,Tanzania,509,21,183
8/7/2020,Tanzania,509,21,183
8/8/2020,Tanzania,509,21,183
8/9/2020,Tanzania,509,21,183
8/10/2020,Tanzania,509,21,183
8/11/2020,Tanzania,509,21,183
8/12/2020,Tanzania,509,21,183
8/13/2020,Tanzania,509,21,183
8/14/2020,Tanzania,509,21,183
8/15/2020,Tanzania,509,21,183
8/16/2020,Tanzania,509,21,183
8/17/2020,Tanzania,509,21,183
8/18/2020,Tanzania,509,21,183
8/19/2020,Tanzania,509,21,183
8/20/2020,Tanzania,509,21,183
8/21/2020,Tanzania,509,21,183
8/22/2020,Tanzania,509,21,183
8/23/2020,Tanzania,509,21,183
8/24/2020,Tanzania,509,21,183
8/25/2020,Tanzania,509,21,183
8/26/2020,Tanzania,509,21,183
8/27/2020,Tanzania,509,21,183
8/28/2020,Tanzania,509,21,183
8/29/2020,Tanzania,509,21,183
8/30/2020,Tanzania,509,21,183
8/31/2020,Tanzania,509,21,183
